{
    "frequencies": [
        0.0,
        0.03333333333333333,
        0.06666666666666667,
        0.1,
        0.13333333333333333,
        0.16666666666666666,
        0.2,
        0.23333333333333334,
        0.26666666666666666,
        0.3,
        0.3333333333333333,
        0.36666666666666664,
        0.4,
        0.43333333333333335,
        0.4666666666666667,
        0.5
    ],
    "times": [
        15.0,
        30.0,
        45.0,
        60.0,
        75.0,
        90.0,
        105.0,
        120.0,
        135.0,
        150.0,
        165.0,
        180.0,
        195.0,
        210.0,
        225.0,
        240.0,
        255.0,
        270.0,
        285.0,
        300.0,
        315.0,
        330.0,
        345.0,
        360.0,
        375.0,
        390.0,
        405.0,
        420.0,
        435.0,
        450.0,
        465.0,
        480.0
    ],
    "intensities": [
        [
            -34.07602770468059,
            -33.20943843420756,
            -45.601986853076156,
            -51.81850403205096,
            -30.298683604379868,
            -51.88003255593748,
            -26.69981700699372,
            -26.246242095284536,
            -23.96813565703914,
            -24.075245342206454,
            -23.23100179676772,
            -29.713334786934492,
            -22.726860262543536,
            -21.497821001738807,
            -19.921881842087977,
            -23.26788545110081,
            -21.02897148645928,
            -19.25243845010459,
            -18.908792092442305,
            -20.141136662782493,
            -21.689805474265796,
            -21.809153315594028,
            -19.74007861842283,
            -15.307488987086646,
            -19.230903615204827,
            -18.89477949544816,
            -18.227793992080038,
            -23.852890902077284,
            -19.006148183396803,
            -20.453638232830368,
            -15.681420430413839,
            -18.376387916904093
        ],
        [
            -27.261571960118793,
            -16.52974850103491,
            -17.486698848347185,
            -18.254481663896915,
            -21.533243346606604,
            -13.178153155949312,
            -12.70385020889461,
            -20.35491838945091,
            -12.645153096545382,
            -10.019278687135834,
            -13.384280732670772,
            -16.540686217023286,
            -12.342934282337117,
            -12.979295668700836,
            -12.020879412359239,
            -12.808564232509354,
            -17.12712286111296,
            -20.098381432621018,
            -32.15991227941429,
            -12.47296858640957,
            -11.162915104248121,
            -15.777154393496852,
            -18.99987081406332,
            -17.127707889051532,
            -19.88184894331535,
            -13.35560258843442,
            -10.445115880561605,
            -16.374274308499494,
            -7.813736941383213,
            -9.694413024677836,
            -14.245282577453546,
            -16.37785807617711
        ],
        [
            -21.857386410282288,
            -10.752953626828921,
            -17.52621303961561,
            -13.306377136327566,
            -22.07373249009666,
            -12.925029398901312,
            -16.20874851245637,
            -7.78123880970937,
            -12.664187992748895,
            -15.510650175688346,
            -26.215564491643978,
            -13.852440975898254,
            -14.628184239944346,
            -9.515747699389994,
            -20.24627886415649,
            -13.492350087605518,
            -9.298708265696394,
            -18.89309139224123,
            -8.868589562170174,
            -16.921480063302216,
            -14.41118093025494,
            -12.917442398278878,
            -9.486401069335637,
            -10.249818791624763,
            -9.224923013125956,
            -17.65069821274498,
            -15.167790384208061,
            -8.188309151831982,
            -22.888101532566154,
            -9.57479270911134,
            -16.65033021111571,
            -9.740766209504942
        ],
        [
            5.624340093290442,
            5.101759187145238,
            4.91735420114815,
            4.809851230034689,
            5.1372966005273755,
            5.756761965411302,
            5.951498596377979,
            5.784954124103318,
            5.322524010854584,
            5.07525482821786,
            3.8435677009311764,
            4.323025673323556,
            5.394744070340297,
            5.737068096011999,
            4.594444375864176,
            5.111737631049608,
            5.580473282673605,
            4.381062939563373,
            4.305440067633046,
            4.010580610150779,
            4.731830277923549,
            5.006735862773412,
            5.37365452055267,
            5.536926486980848,
            5.002616259240541,
            5.47283820436697,
            4.745999705920031,
            6.121950733450605,
            5.767210969600899,
            5.459500060622917,
            5.199305559878198,
            4.8508264503408
        ],
        [
            -10.30472925527081,
            -14.396719510321185,
            -11.958556589577595,
            -11.814648546902324,
            -13.70599128611358,
            -9.892500252572866,
            -8.406920313571531,
            -11.703608784791978,
            -16.560406195817936,
            -9.464072273814438,
            -14.985122857340398,
            -6.532109606544005,
            -17.6638110613904,
            -7.960342818298598,
            -16.501730125665187,
            -9.657624601942349,
            -11.14071576476207,
            -10.541466660661662,
            -12.107320841143348,
            -11.21397030896021,
            -12.180532418469419,
            -8.98617514580519,
            -9.823858816978898,
            -8.956118346127036,
            -21.367236633912725,
            -10.125017759714844,
            -14.453358217457577,
            -9.911199516328773,
            -9.340004288657424,
            -13.170759046826827,
            -7.495159474039821,
            -11.727388320712556
        ],
        [
            -12.76328858988694,
            -12.661200793611425,
            -11.02375530165438,
            -16.715707067005315,
            -25.405340095471722,
            -10.655728949832621,
            -10.536406397397112,
            -23.298765544222597,
            -15.106167153725796,
            -16.57205821713908,
            -14.286353580170378,
            -10.76059790668978,
            -7.756493243421102,
            -11.350866808051364,
            -10.659779896286203,
            -12.378643397177981,
            -12.716169814352776,
            -19.233494665389145,
            -16.207831496701232,
            -16.412432939720965,
            -16.412121433184975,
            -11.581555813210446,
            -15.225232079760067,
            -11.373851120818168,
            -6.435677899967613,
            -9.325021175122128,
            -8.651087349305854,
            -6.161851350625696,
            -6.194224913671893,
            -10.929457516302822,
            -13.233667788044173,
            -34.38164550972924
        ],
        [
            -14.78629927837938,
            -13.550724037857622,
            -21.29611449106619,
            -18.400987111483712,
            -8.988555994691957,
            -8.74345355056924,
            -8.182167082945819,
            -9.66300876440127,
            -16.686856556888984,
            -11.38023409407111,
            -17.531582071778292,
            -19.48240761203216,
            -7.619061047166523,
            -22.436771733091973,
            -14.574360370111204,
            -11.477559141981628,
            -15.526028611001339,
            -9.082036639353285,
            -12.223516231618234,
            -18.718844019498054,
            -14.083565601917305,
            -12.997545681400895,
            -9.034049341081575,
